{
    "x": 6.2622575759887699,
    "y": 3.6576414108276369,
    "z": 0.0
}