{
    "x": -6.155340671539307,
    "y": -0.6495697498321533,
    "z": 0.0
}