{
    "x": -1.6801174879074097,
    "y": 4.833723068237305,
    "z": 0.0
}